,de,en,es,fr,hu,it,ja,ko,nl,pl,pt,ru,zh-tw,zh,en-gb
Status.Entering vehicle,Steigt ins Auto ein,Entering vehicle,Vehículo entrante,Entre dans un véhicule,Belépő jármű,Entrando nel veicolo,入庫,차량 탑승 중,Stapt in voertuig,Wsiada do samochodu,Entrando no veículo,Посадка в транспорт,上車中,进入车辆,Entering vehicle
Status.Walking to car,Läuft zum Auto,Walking to car,Caminando al auto,Se dirige vers une voiture,Séta az autóhoz,Camminando verso l'auto,車まで歩く,차 있던 곳으로 가는 중,Loopt naar auto,Idzie do samochodu,Caminhando para carro,Идёт к автомобилю,走向汽車中,走向汽车,Walking to car
Status.Using public transport,Verwendet ÖPNV,Using public transport,Usando transporte público,Utilise les transports en commun,Tömegközlekedés használata,Utilizzando il trasporto pubblico,公共交通機関を利用する,대중교통 이용 중,Gebruikt openbaar vervoer,Używa transportu publicznego,Usando transporte público,Использует общественный транспорт,使用大眾交通工具中,使用公共交通,Using public transport
Status.Walking,Läuft,Walking,Caminando,Marche,gyalogló,Camminando,歩く,걷는 중,Wandelt,Idzie,Caminhando,Идёт,走路中,步行,Walking
Status.Thinking of a good parking spot,Erinnert sich an einen Parkplatz,Thinking of a good parking spot,Pensando en un buen estacionamiento,Réfléchit à un bon stationnement,Jó parkolóhelyre gondol,Pensando ad un buon parcheggio,好ましい駐車場を考える,주차하기에 좋은 장소를 생각 중,Na aan het denken over een goede parkeerplaats,Myśli o odpowiednim miejscem parkingowym,Pensando em uma boa vaga de estacionamento,Думает о хорошем месте для парковки,盤算一個好停車位中,找一个好停车位,Thinking of a good parking spot
