,de,en,es,fr,hu,it,ja,ko,nl,pl,pt,ru,zh-tw,zh,en-gb
Activated features,Aktivierte Features,Activated features,Características activadas,Fonctionnalités activées,Aktivált szolgáltatások,Features attivate,有効な機能,기능 활성화,Geactiveerde functies,Aktywowane funkcje,Recursos ativados,Активированные опции,已啟用的功能,启用功能,Activated features
Button.Reload global configuration,Globale Konfiguration neuladen,Reload global configuration,Recargar configuración global,Recharger la config. globale,Töltse újra a globális konfigurációt,Ricarica configurazione globale,グローバル設定のリロード,글로벌(global) 설정 불러오기,Herlaad algemene configuratie,Przeładuj ustawienia globalne,Recarregar configuração global,Перезагрузить общую конфигурацию,重新載入所有設定,重新加载所有设定,Reload global configuration
Button.Remove parked vehicles,Entferne geparkte Autos,Remove parked vehicles,Remove parked vehicles,Retirer les véhicules stationnés,Távolítsa el a parkoló járműveket,Remove parked vehicles,駐車中の車両を取り除く,주차된 차량 제거하기,Remove parked vehicles,Usuń zaparkowane pojazdy,Remove parked vehicles,Удалить припаркованный транспорт,Remove parked vehicles,移除停放的车辆,Remove parked vehicles
Button.Reset custom speed limits,Geschwindigkeitsbegrenzungen auf Standard zurücksetzen,Reset custom speed limits,Restablecer límites de velocidad personalizados,Réinitialiser les limites de vitesse persos,Az egyedi sebességkorlátozások visszaállítása,Resetta i limiti di velocita personalizzati,カスタム速度制限をリセットする,커스텀 속도 초기화,Reset aangepaste snelheidslimieten,Zresetuj limity prędkości użytkownika,Resetar limites de velocidade modificados,Сбросить свои ограничения скорости,重置自訂速限,重置自定义速度限制,Reset custom speed limits
Button.Reset global configuration,Globale Konfiguration zurücksetzen,Reset global configuration,Restablecer configuración global,Réinitialiser la config. globale,A globális konfiguráció visszaállítása,Resetta configurazione globale,グローバル設定をリセット,글로벌(global) 설정 초기화,Reset algemene configuratie,Zresetuj ustawienia globalne,Resetar configuração global,Сбросить общую конфигурацию,重置所有設定,重置所有设定,Reset global configuration
Button.Reset stuck cims and vehicles,Setze steckengebliebene Cims und Fahrzeuge zurück,Reset stuck cims and vehicles,Restablecer cims y vehículos atascados,Réinit. citoyens et véhicules coincés,Állítsa vissza a beragadt felfüggesztéseket és járműveket,Resetta cims e veicoli bloccati,立ち往生している人や車両をリセットする,갇혀있는 시민과 차량 초기화,Reset vastgelopen inwoners en voertuigen,Zresetuj zablokowane samochody i ludzi,Resetar carros e cims presos,Удаление застрявших пешеходов и транспорта,重置卡死的行人和車輛,重置卡住的行人和车辆,Reset stuck cims and vehicles
Disable despawning,Despawn ausschalten,Disable despawning,Desactivar desaparición,Désactiver la disparition,Letiltja a hajtást,Disabilita il despawn,スタック除去無効化,차 사라짐 비활성화,Voertuigdverdwijning uitschakelen,Zablokuj znikanie pojazdów,Desativar despawning,Выключить исчезновение машин,久塞車輛永不消失,禁止车辆消失,Disable despawning
Enable despawning,Despawn einschalten,Enable despawning,Activar desaparición,Activer la disparition,Engedélyezze a levágást,Abilita il despawn,スタック除去有効化,차 사라짐 활성화,Voertuigverdwijning inschakelen,Odblokuj znikanie pojazdów,Ativar despawning,Включить исчезновение машин,允許久塞車輛消失,允许车辆消失,Enable despawning
Error.Keybind conflict,Die ausgewählte Taste steht in Konflikt mit einer anderen Tastenkombination. Bitte wähle etwas anderes.,The key you've selected is conflicting with another shortcut key. Please choose something else.,The key you've selected is conflicting with another shortcut key. Please choose something else.,La touche choisie est en conflit avec un autre raccourci. Merci de choisir une autre touche du clavier.,"A kiválasztott kulcs ütközik egy másik gyorsbillentyűvel. Kérjük, válasszon valami mást.",The key you've selected is conflicting with another shortcut key. Please choose something else.,The key you've selected is conflicting with another shortcut key. Please choose something else.,The key you've selected is conflicting with another shortcut key. Please choose something else.,The key you've selected is conflicting with another shortcut key. Please choose something else.,Wybrany skrót klawiszowy jest już używany. Wybierz inną kombinację.,The key you've selected is conflicting with another shortcut key. Please choose something else.,"Выбранная комбинация клавиш уже используется в другом месте. Пожалуйста, выберите другую комбинацию.",,所选快捷键有冲突，请重新选择。,The key you've selected is conflicting with another shortcut key. Please choose something else.
Gameplay.Advanced vehicle AI,Verbesserte Fahrzeug-KI,Advanced Vehicle AI,IA de vehículos avanzada,IA des véhicules avancée,Advanced Vehicle AI,IA Avanzata,高度な車両AI,발전된 차량 AI,Geavanceerde voertuig-KI,Zaawansowana SI pojazdów,IA avançada de veículo,Продвинутый AI транспорта,加強版行車AI,高级车辆AI,Advanced Vehicle AI
Gameplay.DLS_percentage,Prozentsatz der Fahrzeuge mit dynamischer Fahrspurwahl,Percentage of vehicles performing dynamic lane selection,Percentage of vehicles performing dynamic lane selection,Pourcentage de véhicules effectuant une sélection de voie dynamique,A dinamikus sávválasztást végző járművek százalékos aránya,Percentuale di veicoli che effettuano la selezione dinamica della corsia,動的レーン選択を実行する車両の割合,유동적 차량 차선변경 빈도 백분율,,Procent pojazdów zmieniajacych pas w obszarze dynamicznej zmiany pasa ruchu,Percentage of vehicles performing dynamic lane selection,"Процент водителей, выбирающих другие полосы движения",Percentage of vehicles performing dynamic lane selection,进行智能车道选择的车辆百分比,Percentage of vehicles performing dynamic lane selection
Gameplay.Dynamic lane selection,Dynamische Fahrspurwahl,Dynamic lane selection,Dynamic lane selection,Sélection de voie dynamique,Dinamikus sávválasztás,Selezione corsia dinamica,動的レーン選択,유동적 차량 차선변경 빈도,,Obszar dynamicznej zmiany pasa ruchu,Dynamic lane selection,Выбор динамической полосы,Dynamic lane selection,智能车道选择,Dynamic lane selection
Gameplay.Enable advanced vehicle AI,Verbesserte Fahrzeug-KI aktivieren,Enable Advanced Vehicle AI,Activar IA de vehículos avanzada,Activer l'IA avancée des véhicules,Engedélyezze az Advanced Vehicle AI-t,Abilita IA dei Veicoli Avanzata,Advanced Vehicle AIを有効にする,발전된 차량 AI 활성화,Verbeterde voertuig-KI activeren,Włącz Zaawansowaną Sztuczną Inteligencję Pojazdów,Ativar IA avançada de veículo,Активировать продвинутый AI,啟用加強版行車 AI,启用高级车辆AI,Enable Advanced Vehicle AI
Gameplay.Enable more realistic parking,Aktiviere realistisches Parken,Enable more realistic parking,Activar estacionamientos más realista,Activer le stationnement plus réaliste,Reálisabb parkolás engedélyezése,Abilita utilizzo più realistico dei parcheggi,より現実的な駐車を有効にする,좀 더 현실적인 주차 활성화,Schakel realistischer parkeren in,Aktywuj bardziej realistyczny system parkowania samochodów,Habilitar estacionamento mais realista,Более реалистичные правила парковки,啟用更多現實中的停車位,启用更真实的停车位,Enable more realistic parking
Gameplay.Holy City (0%),Heilige Stadt (0 %),Holy City (0 %),Ciudad divina (0 %),Ville Sainte (0 %),Szent város (0%),Pacifica (0 %),天国 (0 %),평온한 도시 (0 %),Heilige stad (0 %),Święte Miasto (0 %),Cidade Santa (0 %),Идеальное поведение (0 %),守法乖寶寶(0%),遵纪守法 (0 %),Holy City (0 %)
Gameplay.Individual driving styles,Individuelle Fahrstile,Individual driving styles,Individual driving styles,Individual driving styles,Egyéni vezetési stílusok,Individual driving styles,Individual driving styles,Individual driving styles,Individual driving styles,Individual driving styles,Individual driving styles,Индивидуальные стили вождения,,个人驾驶风格,Individual driving styles
Gameplay.Minor Complaints (2%),Einige Beschwerden (2 %),Minor Complaints (2 %),Colisiones menores (2 %),Plaintes mineures (2 %),Kisebb panaszok (2%),Modesta (2 %),ほとんど不満なし (2 %),사소한 불평들 (2 %),Enige klachten (2 %),Drobne Skargi (2 %),Reclamações de menor importância (2 %),Незначительные жалобы (2 %),對不起借過(2%),稍有违法 (2 %),Minor Complaints (2 %)
Gameplay.Parking AI,Parkplatz-KI,Parking AI,IA de estacionamientos,IA de stationnement,Parkolás AI,,駐車AI,주차 AI,Parkeer-KI,SI parkowania,IA de estacionamento,Выбор места для парковки,道路停車AI,停车AI,Parking AI
Gameplay.Path Of Evil (10%),Pfad des Bösen (10 %),Path Of Evil (10 %),El mismo infierno (10 %),Chemin du Mal (10 %),A gonosz ösvénye (10%),Molto elevata (10 %),悪路 (10 %),악마의 도로 (10 %),Route des kwaads (10 %),Diabelska Ścieżka (10 %),Caminho do mal (10 %),Дорога зла (10 %),馬路我最大(10%),无视法纪 (10 %),Path Of Evil (10 %)
Gameplay.Prevent excessive transfers at stations,Verhindere übertriebenes Umsteigen an Haltestellen,Prevent unnecessary transfers at public transport stations,Prevent unnecessary transfers at public transport stations,Empêcher les transferts inutiles dans les stations de transport public,Kerülje el a szükségtelen transzfereket a tömegközlekedési állomásokon,Prevent unnecessary transfers at public transport stations,公共交通機関での不必要な輸送を防ぐ,시민들의 다른 대중교통 노선 이용 시 패턴 최적화,,Zapobiegaj nadmiernej liczbie przesiadek na przystankach transportu publicznego,Prevent unnecessary transfers at public transport stations,Меньше ненужных пересадок при поездках,Prevent unnecessary transfers at public transport stations,公共交通避免非必要换乘,Prevent unnecessary transfers at public transport stations
Gameplay.Public transport,Öffentlicher Personennahverkehr,Public transport,Public transport,Transport public,Tömegközlekedés,,公共交通機関,대중 교통,Public transport,Transport publiczny,Public transport,Общественный транспорт,Public transport,公共交通,Public transport
Gameplay.Reckless drivers%,Rücksichtsloses Fahren,Reckless drivers percentage,Conducción agresiva,Conduite téméraire,Felelőtlen vezetés,Guida spericolata,無謀運転 (ベータ機能/いくらかの市民が交通ルールを無視します),난폭 운전 (베타 기능),Roekeloos rijden,Lekkomyślna jazda,Direção imprudente,Процент нарушителей ПДД,違規駕駛率,违规驾驶,Reckless drivers percentage
Gameplay.Road condition has a bigger impact on vehicle speed,Der Straßenzustand hat einen größeren Einfluss auf die Geschwindigkeit,Road condition has a bigger impact on vehicle speed,La condición de la calle tiene un mayor impacto en la rapidez de los vehículos,La condition de la voirie a un plus grand impact sur la vitesse des véhicules,Az út állapota nagyobb hatással van a jármű sebességére,La condizione della strada ha un grosso impatto sulla velocità dei veicoli,路面状況がより大きな影響を車両速度に与える,도로상태가 차량속도에 크게 영향을 미칩니다,De wegtoestand heeft een grotere invloed op de voertuigsnelheid,Kondycja nawierzchni drogi ma większy wpływ na prędkość pojazdu,Condição de estrada tem um impacto maior na velocidade do veículo,Состояние дороги оказывает большее влияние на скорость,道路狀態對車速有較大的影響,道路状况对车辆速度有较大影响,Road condition has a bigger impact on vehicle speed
Gameplay.Rush Hour (5%),Feierabendverkehr (5 %),Rush Hour (5 %),Hora Punta (5 %),Heure de Pointe (5 %),Csúcsforgalom (5%),Elevata (5 %),ラッシュアワー (5 %),출퇴근정도의 혼잡  (5 %),Spitsuur (5 %),Godziny Szczytu (5 %),Hora do Rush (5 %),Обычный час пик (5 %),上班趕時間(5%),鲁莽驾驶 (5 %),Rush Hour (5 %)
Gameplay.Vehicle behavior,Fahrzeugverhalten,Vehicle behavior,Comportamiento vehícular,Comportement des véhicules,A jármű viselkedése,Comportamente del veicolo,車両の挙動,차량 제한,Vortuiggedrag,Zachowanie pojazdu,Comportamento do veículo,Поведение транспорта,車輛行為,车辆行为,Vehicle behavior
General.Apply AI changes right away,Anpassungen treten sofort in Kraft,Apply AI changes right away,Los modificaciones tendrán efecto instantáneamente,Les personnalisations prennent effet instantanément,A testreszabások azonnal hatályba lépnek,Le modifiche avranno effetto immediatamente,カスタマイズが即座に有効になります,커스텀 기능이 즉시 적용됩니다,Aanpassingen zijn onmiddelijk van toepassing,Modyfikacje ustawień mają natychmiastowy efekt,Personalizações entram em vigor instantaneamente,Настройки AI применяются сразу,自訂值即時生效,订制模拟真实度将立即生效,Apply AI changes right away
General.Compact main menu,Kompaktes Hauptmenü,Compact main menu,,Menu principal compact,Kompakt főmenü,,コンパクトメインメニュー,TMPE 메뉴 아이콘 크게/작게 설정,,Kompaktowe menu główne,,Компактное Главное меню,,紧凑主菜单,Compact main menu
General.Enable tutorial messages,Tutorial aktivieren,Enable tutorial messages,,Activer les messages du didactitiel,Az oktatóüzenetek engedélyezése,,チュートリアルメッセージを有効にする,튜토리얼 메세지 활성화,,Włącz podpowiedzi,,Включить обучающие сообщения,,启用教程信息,Enable tutorial messages
General.Game language,Spielsprache,Game language,Idioma del juego,Langue du jeu,A játék nyelve,Lingua di gioco,ゲームの言語,게임 언어,Taal van spel,Język gry,Linguagem do Jogo,Язык игры,遊戲顯示語言,同游戏语言,Game language
General.Language Name,Deutsch,English,Español,Français,Magyar,Italiano,日本語,한국의,Nederlands,Polski,Português,Русский язык,中文 (繁體),中文 (简体),English (UK)
General.Lock main menu button position,Position der Hauptmenü-Schaltfläche sperren,Lock main menu button position,Bloquear la posición del menú principal,Verrouiller la position du bouton du menu principal,Zárja a főmenü gomb pozícióját,Blocca posizione del bottone (menu),メインメニューボタン位置をロックする,TMPE 모드버튼 위치 잠금,Vergendel positie van hoofdmenuknop,Zablokuj pozycję przycisku menu głównego,Travar posição do botão de menu principal,Блокировка позиции кнопки Главного меню,鎖定主選單的選項位置,锁定主菜单按钮位置,Lock main menu button position
General.Lock main menu position,Position des Hauptmenüs sperren,Lock main menu position,Bloquear posición del menú principal,Verrouiller la position du menu principal,Zárja a főmenü pozícióját,Blocca posizione del menu,メインメニュー位置をロック,TMPE 모드매뉴 위치 잠금,Vergrendel positie van hoofdmenu,Zablokuj pozycję menu głównego,Travar posição do menu principal,Блокировка позиции Главного меню,鎖定主選單的位置,锁定主菜单位置,Lock main menu position
General.Notify me about TM:PE startup conflicts,"Zeige Fehlermeldung, wenn eine Mod-Inkompatibilität erkannt wurde",Notify me if there is an unexpected mod conflict,Notify me if there is an unexpected mod conflict,Afficher un message d'erreur si un mod incompatible est détecté,"Értesítsen, ha váratlan mod ütközés lép fel",Notify me if there is an unexpected mod conflict,modの非互換性が検出された場合にエラーメッセージを表示す,모드와 비 호환되는 모드 발견 시 에러 보여주기,Notify me if there is an unexpected mod conflict,Powiadom mnie w razie nieoczekiwanej niezgodność modów,Notify me if there is an unexpected mod conflict,"Показывать сообщение, если мод стартовал с ошибками",Notify me if there is an unexpected mod conflict,检测到不兼容MOD时提示,Notify me if there is an unexpected mod conflict
General.Overlay transparency,Overlaytransparenz,Overlay transparency,,Transparence de l'interface,Átlátszó fedvény,,オーバーレイの透明度,"보조 아이콘 투명도(도로 위 표지판, 속도제한 아이콘 투명도 등)",,Przezroczystość nakł.,,Прозрачность вспомогательной графики (оверлей),,覆盖透明度,Overlay transparency
General.Overlay transparency: {0}%,Overlaytransparenz: {0}%,Overlay transparency: {0}%,,Transparence de l'interface: {0}%,Átlátszó fedvény: {0}%,,オーバーレイの透明度: {0}%,"보조 아이콘 투명도(도로 위 표지판, 속도제한 아이콘 투명도 등): {0}%",,Przezroczystość nakł.: {0}%,,Прозрачность вспомогательной графики: {0}%,,覆盖透明度: {0}%,Overlay transparency: {0}%
General.Select language,Sprache,Select language,Idioma,Langue,Nyelv,Lingua,言語,언어,Taal,Język,Linguagem,Выберите язык мода,語言,语言,Select language
General.Simulation,Simulation,Simulation,Simulación,Simulation,tettetés,Simulazione,シミュレーション,시뮬레이션,Simulatie,Symulacja,Simulation,Моделирование,Simulation,模拟,Simulation
General.Window transparency,Fenstertransparenz,Window transparency,,Transparence de la fenêtre,Ablak átlátszósága,,ウィンドウの透明度,패널 투명도(오른쪽으로 갈수록 투명함),,Przezroczystość okna,,Прозрачность окна,,窗口透明度,Window transparency
General.Window transparency: {0}%,Fenstertransparenz: {0}%,Window transparency: {0}%,,Transparence de la fenêtre: {0}%,Ablak átlátszósága: {0}%,,ウィンドウの透明度: {0}%,패널 투명도(오른쪽으로 갈수록 투명함): {0}%,,Przezroczystość okna: {0}%,,Прозрачность окна: {0}%,,窗口透明度: {0}%,Window transparency: {0}%
Keybind.Generic exit subtool key,Werkzeug und TM:PE Menü schließen,Exit tool and close TM:PE Menu,,Sortir de l'outil et fermer le menu TM:PE,"Lépjen ki az eszközből, és zárja be a TM: PE menüt",,,,,Wyłącz narzędzie i zamknij TM:PE menu,,Закрыть инструмент и меню TM:PE,,关闭工具与TM:PE主菜单,Exit tool and close TM:PE Menu
Keybind.LaneConnector.Delete,Fahrspurverbindungen löschen,Clear lane connections,,Effacer la voie connectée,Tiszta sávcsatlakozások,,,,,Usuń połączenia pasów ruchu,,Очистить соединения линий движения,,清除车道连接设置,Clear lane connections
Keybind.LaneConnector.Stay in lane,Fahrspurverbinder: Bleib auf der Fahrspur,Stay in lane,,Connecteur de voie : Rester sur sa voie,Maradjon a sávban,,,,,Połącz pasy ruchu: Pozostań na pasie,,Линии движения: Оставаться в своей полосе,,车道连接：stay in lane,Stay in lane
Keybind.Main.Junction restrictions tool,Werkzeug 'Kreuzungsbeschränkungen' verwenden,Use 'Junction Restrictions' Tool,,Utilisee l'outil 'Restrictions des carrefours',Használja a 'Junction Restrictions' eszközt,,,,,Narzędzie 'Ograniczenia na skrzyżowaniu',,"Инструмент ""Ограничения на перекрёстках""",,「路口管制」工具,Use 'Junction Restrictions' Tool
Keybind.Main.Lane arrow tool,Werkzeug 'Richtungspfeile' verwenden,Use 'Lane Arrow' Tool,,Utiliser l'outil 'Flèchage des voies',Használja a 'Lane Arrow' eszközt,,,,,Narzędzie 'Strzałki pasów ruchu',,"Инструмент ""Стрелки движения""",,「变更车道方向」工具,Use 'Lane Arrow' Tool
Keybind.Main.Lane connections tool,Werkzeug 'Fahrspurverbinder' verwenden,Use 'Lane Connections' Tool,,Utiliser l'outil 'Connections des voies',Használja a „Lane Connections” eszközt,,,,,Narzędzie 'Połącz pasy ruchu',,"Инструмент ""Линии движения""",,「车道连接」工具,Use 'Lane Connections' Tool
Keybind.Main.Priority signs tool,Werkzeug 'Vorfahrtsschilder' verwenden,Use 'Priority Signs' Tool,,Utilisee l'outil 'Routes prioritaires',Használja az „Elsőbbségi jelek” eszközt,,,,,Narzędzie 'Znaki pierwszeństwa',,"Инструмент ""Знаки приоритета""",,「优先通行权设置」工具,Use 'Priority Signs' Tool
Keybind.Main.Speed limits tool,Werkzeug 'Geschwindigkeitsbeschränkungen' verwenden,Use 'Speed Limits' Tool,,Utiliser l'outil 'Limitation de vitesse',Használja a „Sebességkorlátozások” eszközt,,,,,Narzędzie 'Limity prędkości',,"Инструмент ""Ограничения скорости""",,「道路限速设置」工具,Use 'Speed Limits' Tool
Keybind.Main.Toggle traffic lights tool,Werkzeug 'Ampeln setzen' verwenden,Use 'Toggle Traffic Lights' Tool,,Utiliser l'outil 'Bascule vers les Feux tricolores',Használja a „Forgalmi lámpák átkapcsolása” eszközt,,,,,Narzędzie 'Przełącznik Sygnalizacji świetlnej',,"Инструмент ""Установка светофора""",,「红绿灯增删」工具,Use 'Toggle Traffic Lights' Tool
Keybind.Toggle Main Menu,TM:PE-Hauptmenü umschalten,Toggle TM:PE Main Menu,,Bascule vers le Menu Principal de TM:PE,Toggle TM: PE Főmenü,,,,,Menu TM:PE,,Показать или скрыть меню TM:PE,,TM:PE主菜单,Toggle TM:PE Main Menu
KeybindCategory.Global,Allgemeine Tasten,Global keys,,Global keys,Globális kulcsok,,,,,Główne,,Общие комбинации клавиш,,全局热键,Global keys
KeybindCategory.LaneConnector,Tasten für 'Fahrspurverbinder' Werkzeug,Lane Connector Tool keys,,Lane Connector Tool keys,Sávcsatlakozó eszköz gombjai,,,,,Narzędzie: Połącz pasy ruchu,,"Клавиши для инструмента ""Линии Движения""",,车道连接工具热键,Lane Connector Tool keys
Maintenance,Wartung,Maintenance,Mantenimiento,Maintenance,Karbantartás,Manutenzione,メンテナンス,유지보수 (추가정보),Onderhoud,Konserwacja,Manunteção,Инструменты,錯誤修復,维护,Maintenance
Parking restrictions,Parkverbote,Parking restrictions,Restricciones de los estacionamientos,Restrictions de stationnement,Parkolási korlátozások,Divieti di sosta,駐車規制,주차 제한,Parkeerbeperkingen,Ograniczenia parkingowe,Restrições de estacionamento,Ограничения парковки,停車限制,路边停车限制,Parking restrictions
Priority signs,Vorfahrtsschilder,Priority signs,Señales de prioridad,Signes de priorité,Elsőbbségi jelek,Segnali stradali,優先関係標識,교통 표지판,Voorrangsborden,Znaki pierwszeństwa,Placas de preferência,Знаки приоритета,優先通行權標誌,优先通行权设置,Priority signs
RestrictionsAggression.High,Hoch,High,Alta,Haute,Magas,Alto,高い,높음,Hoog,Wysoka,Alta,Почти все,高,高,High
RestrictionsAggression.Low,Niedrig,Low,Baja,Basse,Alacsony,Basso,低い,낮음,Laag,Niska,Baixa,Иногда,低,低,Low
RestrictionsAggression.Medium,Mittel,Normal,Media,Moyenne,Közepes,Medio,中くらい,중간,Middelhoog,Średnia,Média,Большинство,中,中,Medium
RestrictionsAggression.Strict,Strikt,Strict,Estricto,Stricte,Szigorú,Rigoroso,厳密,무제한,Strikt,Ścisła,Strict,Все,Strict,严苛,Strict
Show path-find stats,Path-Find Statistik anzeigen,Show path-find stats,Show path-find stats,Afficher le chemin d'accès des stats,Útvonalkeresési statisztikák megjelenítése,Mostra statistiche path-find,パス検索統計情報を表示する,현재 경로를 찾는 차량수를 PFs 수치로 표기합니다,Show path-find stats,Pokaż statystyki znajdowania tras,Show path-find stats,Показать статистику поиска пути,Show path-find stats,显示车辆寻找路线数据,Show path-find stats
Speed limits,Geschwindigkeitsbeschränkungen,Speed limits,Límites de velocidad,Limitations de vitesse,Sebesség határok,Limiti di velocità,速度制限,속도 제한,Snelheidslimiet,Ograniczenia prędkości,Limite de Velocidade,Ограничение скорости,速限,道路限速设置,Speed limits
Tab.Gameplay,Spielerlebnis,Gameplay,Jugabilidad,Gameplay,Gameplay,Gioco,ゲームプレイ,게임플레이,Spelverloop,Rozgrywka,Gameplay,Геймплей,遊戲,游戏,Gameplay
Tab.General,Allgemein,General,General,Général,Tábornok,Generale,全般,기본,Algemeen,Ogólne,Geral,Общее,普通,常规,General
Tab.Keybinds,Tastenkombinationen,Keybinds,Teclado,Keybinds,Keybinds,,,,,Skróty klawiszowe,,Горячие клавиши,,热键,Keybinds
Tab.Overlays,Überlagerung,Overlays,Capas de información,Interface,Lefedések,Overlays,オーバーレイ,화면표시,Transparanten,Nakładki,Sobreposições,Оверлеи,重疊,覆盖,Overlays
Timed traffic lights,Zeitgesteuerte Ampeln,Timed traffic lights,Semáforos programados,Feux tricolores chronométrés,Időzített közlekedési lámpák,Semaforo (temporizzato),時間設定付き信号,신호등 시간표 설정,Tijdgestuurde stoplichten,Sygnalizacja Czasowa,Semáforos cronometrados,Настраиваемый светофор,號誌燈時相設定,红绿灯定时设置,Timed traffic lights
Vehicle restrictions,Fahrzeugbeschränkungen,Vehicle restrictions,Restricción vehicular,Restrictions des véhicules,Jármű-korlátozások,Restrizioni veicoli,車両規制,차량 제한,Voertuigbeperkingen,Ograniczenia ruchu pojazdów,Restrições de veículos,Ограничения транспорта,車種限定,道路车种限制,Vehicle restrictions
Vehicle restrictions aggression,Auslegung der Fahrzeugbeschränkungen,Vehicle restrictions aggression,Vehicle restrictions aggression,Restrictions agressives des véhicules,Jármű korlátozások agresszió,Rigorosità restrizioni veicoli,車両制限適用の厳格さ,진입불가 도로 회피 빈도,,Agrasywność ograniczeń ruchu pojazdów,Vehicle restrictions aggression,Следование транспортным ограничениям,Vehicle restrictions aggression,车辆交规严格度,Vehicle restrictions aggression
Junction restrictions,Kreuzungsbeschränkungen,Junction restrictions,Restricciones del cruce,Restrictions des intersections,Csomópont korlátozások,Restrizioni incrocio,交差点の制限,교차로 규칙,Splitsingsbeperkingen,Ograniczenia na skrzyżowaniach,Restrições de junção,Ограничения на перекрёстках,交岔路口動線連接制定,路口管制,Junction restrictions
Maintenance.Turn on red,Turn on red,Turn on red,Turn on red,Tourner aux feux rouges,Kapcsolja be a pirosot,Girare ai semafori rossi,赤信号で曲がる,빨간 신호등에서 우회전을 허용 규칙,Turn on red,Skręć w prawo na czerwonym,Virar nos semáforos vermelhos,Поворот направо на красный,Turn on red,红灯可转弯,Turn on red
Maintenance.Lane connector,Fahrspurverbinder,Lane connector,Conector de carriles,Connecteur de voies,Sávcsatlakozó,Connettore corsia,車線を接続,차선 연결,Rijstrookverbinder,Połącz pasy ruchu,Conector de pistas,Линии движения,車道連接工具,车道连接工具,Lane connector
Overlay.Connected lanes,Verbundene Fahrspuren,Connected lanes,Carriles conectados,Voies connectées,Összekapcsolt sávok,Corsie connesse,接続した車線,연결된 차선,Verbonden rijstroken,Połączenia pasów ruchu,Pistas conectadas,Связанные маршруты,已連接車道,已连接车道,Connected lanes
Overlay.Nodes and segments,Knoten und Segmente,Nodes and segments,Cruces y segmentos,Intersections et segments,Csomópontok és szegmensek,Nodi e segmenti,交差点と道路の表示,도로와 세그먼트(노드),Kruisingen en segmenten,Pokaż węzły i segmenty,Cruzamentos e segmentos,Узлы и сегменты,道路交岔點和路段,道路节点和段,Nodes and segments
Overlay.Lanes,Fahrspuren,Lanes,Vías,Voies,Sávok,Corsie,車線,차선,Rijkstroken,Pasy,Faixas,Полосы,車道,车道,Lanes
Overlay.Vehicles,Fahrzeuge,Vehicles,Los vehículos,Les véhicules,A járművek,Veicoli,,,Voertuigen,Pojazdy,Veículos,Транспортные средства,,,Vehicles
Overlay.Citizens,,Citizens,,,,,,,,,,Симы,,,
Overlay.Buildings,,Buildings,,,,,,,,,,Строения,,,
Warning.Settings are defined for each savegame separately,Einstellungen werden pro Spielstand gespeichert,"Settings can only be changed whilst in-game, and are unique to each save game.",Los ajustes son definidos para cada partida por separado,Paramètres définis pour chaque sauvegarde séparément,"A beállításokat csak a játék közben változtathatja meg, és minden mentett játékhoz egyedi.",I settaggi possono essere impostati separatamente per ogni salvataggio,設定は各セーブデータ毎に保存されます,설정은 각 저장된 게임마다 별개로 작동합니다.,Instellingen worden per spelstand opgeslagen,ustawienia są definiowane oddzielnie dla każdego zapisu,As configurações são definidas para cada jogo salvo separadamente,Настройки записываются отдельно в каждую сохранённую игру и менять вне игры их нельзя,每個存檔保有各自獨立的設定,"设置于每个存档独立存储\n(载入存档时会读取该存档中所存储的存档时TMPE的设置.建议载入存档后设置再存档,以后就不用再重复设置)","Settings can only be changed whilst in-game, and are unique to each save game."
Tab.Policies & Restrictions,Richtlinien,Policies,Normas,Politiques,Házirendje,Policies,ポリシーと制限,정책 및 제한,Beleidsregels,Zasady,Políticas,Политики,政策與限制,政策与限制,Policies
Restrictions.At junctions,An Kreuzungen,At junctions,En los cruces,Aux intersections,A kereszteződésnél,Agli incroci,交差点で,교차로 일괄 설정,Bij splitsingen,Na strzyżowaniach,Nas junções,На перекрёстках,位在交岔路口,位于路口,At junctions
Restrictions.All vehicles may ignore lane arrows,Alle Fahrzeuge dürfen Richtungspfeile ignorieren,All vehicles may ignore lane arrows,Todos los vehículos pueden ignorar las flechas de las vías,Tous les véhicules peuvent ignorer les directions des voies,Minden jármű figyelmen kívül hagyhatja a sávnyilakat,Tutti i veicoli possono ignorare le frecce di direzione,全車両に対して車線矢印の無視を許可,모든 차량이 도로 화살표를 무시 할 수 있습니다.,Alle voertuigen mogen voorsorteerpijlen negeren,Wszystkie pojazdy mogą ignorować strzałki pasów,Todos os veículos podem ignorar setas da pista,Весь транспорт может игнорировать стрелки движения,所有車輛可忽略車道遵行方向,所有车辆可忽略车道方向,All vehicles may ignore lane arrows
Restrictions.Buses may ignore lane arrows,Busse dürfen Richtungspfeile ignorieren,Buses may ignore lane arrows,Buses pueden ignorar flechas de las vías,Les bus peuvent ignorer les directions des voies,A buszok figyelmen kívül hagyhatják a sávnyilakat,I bus possono ignorare le frecce di direzione,バスに対して車線矢印の無視を許可,버스가 도로 화살표를 무시 할 수 있습니다.,Bussen mogen voorsorteerpijlen negeren,Autobusy mogą ignorować strzałki pasów,ônibus podem ignorar setas da pista,Автобусы могут игнорировать стрелки движения,公車可忽略車道遵行方向,公交车可忽略车道方向,Buses may ignore lane arrows
Restrictions.Vehicles may enter blocked junctions,Fahrzeuge dürfen in blockierte Kreuzungen einfahren,Vehicles may enter blocked junctions,Vehículos pueden entrar a cruces bloqueados,Les véhicules peuvent entrer dans les intersections bloquées,A járművek blokkolt kereszteződésekbe léphetnek be,I veicoli possono entrare/occupare un incrocio bloccato,交差点内での停車を許可,차량이 진입 금지도로에 들어갈 수 있습니다.,Voertuigen moge geblokkeerde kruisingen oprijden,Pojazdy mogą wjeżdżać na zablokowane skrzyżowania,Veículos podem entrar em cruzamentos bloqueados,Разрешить заезжать на заблокированные перекрёстки,塞車回堵時不用保持路口淨空。,车辆可以进入堵塞路口加塞,Vehicles may enter blocked junctions
Restrictions.Vehicles may do u-turns at junctions,Fahrzeuge dürfen an Kreuzungen wenden,Vehicles may do u-turns at junctions,"Los vehículos pueden hacer giros en ""U"" en los cruces",Les véhicules peuvent faire demi-tour aux intersections,A járművek kereszteződéseknél fordulást tehetnek,"I veicoli possono effettuare una svolta a ""U"" all'incrocio",交差点でのUターンを許可,교차로에서 차량이 유턴 할 수 있습니다.,Voertuigen kunnen u-bochten op kruisingen maken,Pojazdy mogą zawracać na skrzyżowaniach,Veículos podem fazer retorno nos cruzamentos,Транспорт может разворачиваться на перекрёстках,車輛可在路口迴轉,车辆可在路口掉头,Vehicles may do u-turns at junctions
Restrictions.Vehicles may turn on red,Fahrzeuge dürfen an roten Ampeln abbiegen,Vehicles may turn at red traffic lights,Los vehículos pueden girar en los semáforos rojos.,Les véhicules peuvent tourner aux feux rouges,A járművek piros lámpánál fordulhatnak,I veicoli possono girare ai semafori rossi,車両が赤信号で曲がることがある,빨간 신호등에서 차량이 진입 할 수 있습니다.,Voertuigen kunnen bij rode verkeerslichten draaien,Pojazdy mogą skręcić w prawo na czerwonym świetle,Veículos podem virar nos semáforos vermelhos,Разрешить поворот направо на красный сигнал светофора,車輛可能會在紅色交通燈處轉彎,车辆遇红灯可转弯,Vehicles may turn at red traffic lights
Restrictions.Also apply to left/right turns between one-way streets,Gilt auch für Links- & Rechtskurven zwischen Einbahnstraßen,Also apply to left & right turns between one-way streets,Also apply to left & right turns between one-way streets,Appliquer de même aux virages gauche/droite entre des rues à sens unique,Ugyanez vonatkozik az egyirányú utcák közötti bal és jobb fordulásra is,Also apply to left & right turns between one-way streets,一方通行路の左右の曲がり角にも適用,빨간 신호등에서 우회전을 허용,Also apply to left & right turns between one-way streets,Uwzględnia również skręt w lewo/prawo pomiędzy drogami jednokierunkowymi,Also apply to left & right turns between one-way streets,Разрешить направо/налево между улицами с односторонним движением,Also apply to left & right turns between one-way streets,单行道左右转也适用,Also apply to left & right turns between one-way streets
Restrictions.Vehicles going straight may change lanes at junctions,"Fahrz. dürfen die Spur wechseln, wenn sie an Kreuzungen geradeaus fahren",Vehicles going straight on may change lanes at junctions,Los vehículos que circulan recto pueden cambiar de pista en intersecciones,Les véhicules allant tout droit peuvent changer de voie aux intersections,Az egyenesen haladó járművek megváltoztathatják a sávokat a kereszteződéseknél,I veicoli che proseguono dritto possono cambiare corsia all'incrocio,直進車両の交差点での車線変更を許可,교차로에서 차량이 차선을 변경 할 수 있습니다.,Voertuigen mogen van rijstrook wisselen als ze rechtdoor op kruisingen rijden,Pojazdy jadące na wprost mogą zmieniać pasy ruchu na skrzyżowaniach,Veículos seguindo reto pode mudar de faixa nos cruzamentos,"Транспорт, идущий прямо, может перестраиваться на соседнюю полосу",直行車可在交岔路口上變換車道,直行车辆可以在路口变更车道,Vehicles going straight on may change lanes at junctions
Restrictions.Vehicles follow priority rules at junctions with timedTL,Fahrzeuge befolgen an zeitgesteuerten Ampeln die Vorrangsregelung,Vehicles follow priority rules at junctions with timed traffic lights,Vehicles follow priority rules at junctions with timed traffic lights,Les véhicules suivent les règles de priorité aux carrefours avec des feux de circulations chronométrés,"A járművek az elsődleges szabályokat a kereszteződéseknél, időzített jelzőlámpákkal követik",I veicoli seguono le regole di precedenza agli incroci con semafori a tempo,車両は時間設定付き信号機がある交差点で一般的な優先のルールに従います,차량이 신호등 시간표가 구성된 교차로에서 교통 표지판 규칙을 준수합니다,Vehicles follow priority rules at junctions with timed traffic lights,Pojazdy poruszają się zgodnie z regułami pierwszeństwa na skrzyżowaniach z sygnalizacją czasową,Vehicles follow priority rules at junctions with timed traffic lights,Правила приоритета на перекрёстках с настраиваемыми светофорами,Vehicles follow priority rules at junctions with timed traffic lights,优先通行规则适用于带自定时红绿灯的路口,Vehicles follow priority rules at junctions with timed traffic lights
Restrictions.On roads,Auf Straßen,On roads,On roads,Sur les routes,Utakon,Su strade,道路上,도로 설정,On roads,Na drogach,On roads,На дорогах,On roads,专用道路,On roads
Restrictions.Ban private cars and trucks on bus lanes,Verbiete private Fahrzeuge und Lieferwagen auf Busspuren,Ban private cars and trucks on bus lanes,Ban private cars and trucks on bus lanes,Interdire les voitures privées et les camions dans les couloirs de bus,Tiltja meg a személy- és teherautókat a buszvezetéken,Vieta alle auto e ai camion di utilizzare le corsie riservate ai bus,自家用車やトラックのバスレーン通行禁止,버스전용 차선에 승용차 및 트럭 출입을 금지합니다,Ban private cars and trucks on bus lanes,Zakaz jazdy buspasem dla samochodów osobowych i ciężarówek,Ban private cars and trucks on bus lanes,Запрет частных автомобилей и грузовиков на автобусных дорогах,Ban private cars and trucks on bus lanes,禁止私家车和卡车驶入公交车专用道,Ban private cars and trucks on bus lanes
Restrictions.Enable highway-specific lane merging/splitting rules,Aktiviere spezifische Einordnungsregeln auf der Autobahn,Enable highway specific lane merging/splitting rules,Activar control de unión/división de vías de autopista,Activer les règles spécifiques de divergence/convergence sur les autoroutes,Az autópálya-specifikus sáv-összevonási / felosztás-szabályok engedélyezése,Abilita regolazione specifica per le corsie autostradali,高速道路特有の車線合流/分離ルールを適用する,고속도로 특정도로 병합/분할 기능 활성화,Activeer speciale verkeersregels op snelwegen,Aktywuj Zmienione zasady podziału/łączenia pasów dla autostrad,Habilitar regras de divisão e mesclagem de rodovia,Включить особые правила слияния/пересечения полос на шоссе,施行高速公路獨特的車道單邊出入規則,实行高速公路特定车道合流/分离规则,Enable highway specific lane merging/splitting rules
Restrictions.Heavy trucks prefer outer lanes on highways,Schwere Laster bevorzugen die äußeren Spuren auf Autobahnen,Heavy vehicles prefer outer lanes on highways,Camiones prefieren los carriles exteriores en las autopistas,Les véhicules lourds préfèrent les voies extérieures sur les autoroutes,A nehéz járművek az autópályákon a külső sávokat részesítik előnyben,I veicoli pesanti preferiscono corsie esterne sulle autostrade,高速道路では大型車は外側車線を選択します,무거운(화물)차량은 고속도로 바깥 차선을 선호,Zware vrachtverkeer verkiest buitenste rijstroken op snelwegen,Samochody ciężarowe preferują zewnętrzne pasy na autostradach,Os veículos pesados preferem faixas externas nas rodovias,Большегрузный транспорт предпочитает крайние полосы на шоссе,大型車在高速公路上優先行駛於外側車道,大型车辆在高速公路上优先行驶外侧车道,Heavy vehicles prefer outer lanes on highways
Restrictions.In case of emergency,Im Notfall,In case of emergency,En caso de emergencia,En cas d'urgence,Sürgős esetben,In caso di emergenza,緊急の場合に,긴급 상황 설정,In geval van nood,W sytuacjach nadzwyczajnych,Em caso de emergência,При стихийных бедствиях,在緊急狀況下,在紧急情况下,In case of emergency
Restrictions.Evacuation buses may ignore traffic rules,Evakuierungsbusse dürfen Verkehrsregeln missachten,Evacuation buses may ignore traffic rules,Los buses de evacuación pueden ignorar reglas de tránsito,Les bus d'évacuation peuvent ignorer les règles de trafic,Az evakuáló buszok figyelmen kívül hagyhatják a közlekedési szabályokat,I bus di evacuazione possono ignorare le regole stradali,避難バスは交通規則を無視するであろう,대피 버스는 교통규칙을 무시합니다,Evacuatiebussen mogen verkeersregels overtreden,Autobusy ewakuacyjne mogą ignorować przepisy,Os ônibus de evacuação podem ignorar as regras de trânsito,Автобусы эвакуации могут игнорировать правила движения,緊急疏散公車可忽略交通規則,应急疏散巴士可忽略交通规则,Evacuation buses may ignore traffic rules
