,de,en,es,fr,hu,it,ja,ko,nl,pl,pt,ru,zh-tw,zh,en-gb
Window.Vehicle restrictions,Fahrzeugbeschränkungen,Vehicle restrictions,Restricción vehicular,Restrictions des véhicules,Jármű-korlátozások,Restrizioni veicoli,車両規制,차량 제한,Voertuigbeperkingen,Ograniczenia ruchu pojazdów,Restrições de veículos,Ограничения транспорта,車種限定,道路车种限制,Vehicle restrictions
Button.Invert,Invertieren,Invert,Invertir,Inverser,Invert,Inverti,反転,반전,Inverteren,Odwróć,Inveter,Инвертировать,對調選擇,反转,Invert
Button.Allow all vehicles,Erlaube alle Fahrzeuge,Allow all vehicles,Permitir a todos los vehículos,Autoriser tous les véhicules,Minden jármű engedélyezése,Permetti l'accesso a tutti i veicoli,全車両を許可,모든 차량 허가,Sta alle voertuigen toe,Zezwól dla wszystkich pojazdów,Permitir todos os veículos,Разрешить всему транспорту,通行所有車種,允许所有车种通行,Allow all vehicles
Button.Ban all vehicles,Verbiete alle Fahrzeuge,Ban all vehicles,Prohibir a todos los vehículos,Interdire tous les véhicules,Minden járművet tiltsa le,Banna tutti i veicoli,全車両を禁止,모든 차량 금지,Verbied alle voertuigen,Zablokuj dla wszystkich pojazdów,Proibir todos os veículos,Запретить всему транспорту,禁行所有車種,禁止所有车种通行,Ban all vehicles
Button.Apply to entire road,Wende Fahrzeugbeschränkungen auf alle Straßensegmente zwischen zwei Kreuzungen an,Apply vehicle restrictions to entire road,Aplicar restricción vehicular a todas los segmentos de calle entre dos cruces,Appliquer les restrictions de véhicules à tous les segments de route entre deux intersections,A járművek korlátozásait kell alkalmazni az összes útszakaszra két kereszteződés között,Applica le restrizioni al tratto di strada compreso tra due incroci,交差点間の全道路に車両規制を適用,두 교차로 구간에 동일한 차량 제한 적용,Pas voertuigbeperkingen toe op alle wegsegmenten tussen twee kruisingen,Zastosuj ograniczenia ruchu pojazdów do wszystkich segmentów drogi pomiędzy dwoma skrzyżowaniami,Aplicar restrições de veículos para todos os segmentos de estrada entre dois cruzamentos,Ввести ограничения для транспорта на целый участок дороги,對兩個路口間的全部路段套用車種限定,应用车种限制设定至两个路口间所有路段,Apply vehicle restrictions to entire road
